placed_at,date,book,away_team,home_team,bet_type,side,line_value,price,stake,to_win,result,market
2026-08-29,2026-08-29,bovada,New Mexico State,Florida State,spread,New Mexico State,31,-110,1,0.91,win,
2026-08-29,2026-08-29,betonline,New Mexico State,Florida State,spread,New Mexico State,31.5,-110,1.10,1,win,
2026-08-29,2026-08-29,kalshi,San José State,USC,moneyline,San José State,,9246,0.11,9.89,loss,
2026-08-15,2026-08-15,bovada,Oregon,,futures,yes,,800,1,8,win,National Championship 2026-27 - National Championship Game Winner - Oregon
2026-08-15,2026-08-15,bovada,Ohio State,,futures,yes,,600,1,6,loss,National Championship 2026-27 - National Championship Game Winner - Ohio St.
2026-09-04,2026-09-04,bovada,Toledo,Michigan State,spread,Toledo,10.5,-110,1,0.91,win,
2026-09-04,2026-09-04,betonline,Toledo,Michigan State,spread,Toledo,10.5,-110,1.10,1,win,
2026-09-04,2026-09-04,novig,Oklahoma,UTEP,total,under,51.5,-104,5,4.80,win,
2026-09-04,2026-09-04,novig,Toledo,Michigan State,spread,Toledo,10.5,-113,1.06,0.94,win,
2026-08-29,2026-08-29,kalshi,South Dakota State,Stetson,spread,South Dakota State,-48.5,-121,10,8.26,win,
2026-09-05,2026-09-05,novig,West Virginia,Coastal Carolina,team_total,West Virginia under,37.5,-106,2,1.88,win,
2026-09-05,2026-09-05,novig,Houston,Oregon State,total,under,50.5,102,2,2.04,loss,
2026-09-04,2026-09-04,kalshi,UTEP,Oklahoma,total,under,57.5,-116,2,1.72,win,
2026-09-04,2026-09-04,kalshi,Toledo,Michigan State,total,under,48.5,-112,4.82,4.31,loss,
2026-09-04,2026-09-04,kalshi,Toledo,Michigan State,moneyline,Toledo,,331,0.99,3.28,loss,
2026-09-05,2026-09-05,kalshi,Ohio,Nebraska,team_total,Ohio over,10.5,-103,0.99,0.96,win,
2026-09-05,2026-09-05,novig,Kent State,South Carolina,spread,Kent State,36.5,-115,1.07,0.93,loss,
2026-09-05,2026-09-05,novig,Kent State,South Carolina,team_total,South Carolina over,44.5,-120,2.18,1.82,loss,
2026-09-05,2026-09-05,novig,Ohio,Nebraska,team_total,Ohio under,40.5,100,2,2,loss,
2026-09-05,2026-09-05,novig,Coastal Carolina,West Virginia,spread,Coastal Carolina,21.5,-115,5,4.34,win,
2026-09-05,2026-09-05,bovada,Ohio,Nebraska,spread,Ohio,24,-110,5,4.55,loss,
2026-09-05,2026-09-05,betonline,North Texas,Indiana,spread,North Texas,40.5,-110,1.10,1,win,
2026-09-05,2026-09-05,bovada,North Texas,Indiana,spread,North Texas,41,-120,2,1.67,win,
2026-09-05,2026-09-05,kalshi,Tarleton State,Bowling Green,moneyline,Tarleton State,,114,1,1.13,win,
2026-09-05,2026-09-05,novig,Tennessee State,Georgia,spread,Georgia,-47.5,-104,5.10,4.90,win,
2026-09-05,2026-09-05,novig,Troy,Sam Houston State,total,under,53.5,100,2,2,win,
2026-09-05,2026-09-05,novig,Texas A&M,Missouri State,total,over,53.5,-104,5,4.80,loss,
2026-09-05,2026-09-05,kalshi,Tennessee State,Georgia,spread,Georgia,-47.5,-112,5.28,4.72,win,
2026-09-05,2026-09-05,kalshi,Oregon State,Houston,total,under,50.5,-103,5,4.85,loss,
2026-09-05,2026-09-05,betonline,Kent State,South Carolina,spread,Kent State,36.5,-110,1.10,1,loss,
2026-09-05,2026-09-05,bovada,Western Michigan,Michigan,spread,Western Michigan,26.5,-110,2,1.82,win,
2026-09-05,2026-09-05,betonline,Western Michigan,Michigan,spread,Western Michigan,26.5,-110,1.10,1,win,
2026-09-05,2026-09-05,kalshi,Sam Houston State,Troy,total,under,53.5,-103,5,4.85,win,
2026-09-05,2026-09-05,novig,Western Kentucky,Nevada,moneyline,Western Kentucky,,-138,5,3.62,loss,
2026-09-05,2026-09-05,novig,Michigan,Western Michigan,total,under,48.5,100,5,5,win,
2026-09-09,2026-09-09,kalshi,Louisiana,USC,spread,Louisiana,30.5,-107,1.29,1.21,win,
2026-09-06,2026-09-06,kalshi,Louisville,Ole Miss,total,under,55.5,-126,5,3.97,loss,
2026-09-06,2026-09-06,novig,Ole Miss,Louisville,total,under,55.5,-115,2.14,1.86,loss,
2026-09-05,2026-09-05,kalshi,Western Kentucky,Nevada,moneyline,Western Kentucky,,-142,4.99,3.51,loss,
2026-09-05,2026-09-05,kalshi,Michigan,Western Michigan,team_total,Michigan under,38.5,-131,6.99,5.33,win,
2026-09-11,2026-09-11,draftkings,Louisville,Villanova,spread,Villanova,38.5,-113,2.12,1.88,loss,Alternate Spread | Louisville -38.5 | No
2026-09-11,2026-09-11,kalshi,Villanova,Louisville,spread,Villanova,35.5,101,2.49,2.51,loss,
2026-09-09,2026-09-09,kalshi,Georgia Southern,Clemson,spread,Georgia Southern,20.5,-107,1.29,1.21,win,
2026-09-09,2026-09-09,kalshi,Western Kentucky,Georgia,spread,Western Kentucky,41.5,-112,1.32,1.18,loss,
2026-09-09,2026-09-09,kalshi,Bowling Green,Nebraska,spread,Bowling Green,30.5,-112,1.32,1.18,loss,
2026-09-12,2026-09-12,kalshi,Virginia Tech,Pittsburgh,team_total,Virginia Tech under,34.5,-108,2.60,2.40,loss,
2026-09-12,2026-09-12,novig,East Carolina,Appalachian State,total,under,56.5,-106,2.58,2.42,win,
2026-09-11,2026-09-11,draftkings,Rutgers,Boston College,team_total,Rutgers over,24.5,-122,2.20,1.80,loss,Team Total O/U | Rutgers Total Points Over 24.5 | Yes
2026-09-11,2026-09-11,bovada,Rutgers,Boston College,team_total,Rutgers over,25.5,-110,3,2.73,loss,
2026-09-12,2026-09-12,kalshi,Arizona State,Texas A&M,moneyline,Arizona State,,529,0.79,4.18,loss,
2026-09-12,2026-09-12,kalshi,Penn State,Temple,moneyline,Temple,,1463,0.32,4.68,loss,
2026-09-12,2026-09-12,novig,Maryland,UConn,spread,UConn,12.5,-104,2.55,2.45,loss,
2026-09-12,2026-09-12,novig,UTSA,Texas State,spread,UTSA,2.5,-108,5.20,4.80,win,
2026-09-12,2026-09-12,novig,UTSA,Texas State,spread,UTSA,1.5,100,10,10,win,
2026-09-12,2026-09-12,betonline,Appalachian State,East Carolina,total,under,56.5,-110,2,1.82,win,
2026-09-12,2026-09-12,novig,North Texas,UNLV,total,over,56.5,-113,2.65,2.35,loss,
2026-09-12,2026-09-12,bovada,Appalachian State,East Carolina,total,under,56.5,-115,5,4.35,win,
2026-09-12,2026-09-12,betonline,Old Dominion,Virginia Tech,moneyline,Old Dominion,,754,1,7.54,loss,
2026-09-12,2026-09-12,bovada,Old Dominion,Virginia Tech,moneyline,Old Dominion,,650,0.50,3.25,loss,
2026-09-12,2026-09-12,kalshi,Holy Cross,Miami (OH),spread,Holy Cross,30.5,-103,2.54,2.46,loss,
2026-09-12,2026-09-12,draftkings,,,total,under,57.5,-133,2.28,1.72,win,Alternate Total Points | Over 57.5 | No
2026-09-12,2026-09-12,kalshi,Old Dominion,Virginia Tech,moneyline,Old Dominion,,756,0.58,4.42,loss,
2026-09-12,2026-09-12,draftkings,Delaware,Vanderbilt,team_total,Delaware over,15.5,-138,2.32,1.68,win,Team Total O/U | Delaware Total Points Over 15.5 | Yes
2026-09-12,2026-09-12,kalshi,Tennessee-Martin,West Virginia,spread,Tennessee-Martin,41.5,-121,2.74,2.26,loss,
2026-09-12,2026-09-12,draftkings,Virginia Tech,Pittsburgh,spread,Pittsburgh,19.5,-113,4.77,4.23,loss,Alternate Spread | Virginia Tech -19.5 | No
2026-09-12,2026-09-12,draftkings,Old Dominion,Virginia Tech,moneyline,Old Dominion,,733,0.48,3.52,loss,To Win | Old Dominion | Yes
2026-09-12,2026-09-12,novig,Delaware,Vanderbilt,total,over,54.5,-111,2.63,2.38,win,
2026-09-12,2026-09-12,bovada,Maryland,UConn,moneyline,UConn,,340,1,3.40,loss,
2026-09-12,2026-09-12,betonline,Maryland,UConn,moneyline,UConn,,350,1,3.50,loss,
2026-09-12,2026-09-12,kalshi,Sacred Heart,Massachusetts,spread,Sacred Heart,24.5,-121,2.74,2.26,loss,
2026-09-12,2026-09-12,bovada,UL Monroe,UAB,total,over,54,-115,5,4.35,loss,
2026-09-12,2026-09-12,betonline,UL Monroe,UAB,total,over,54,-110,2,1.82,loss,
2026-09-12,2026-09-12,kalshi,Arizona,BYU,moneyline,Arizona,,252,1.42,3.58,loss,
2026-09-12,2026-09-12,kalshi,Maryland,UConn,spread,UConn,13.5,-121,2.74,2.26,loss,
2026-09-12,2026-09-12,draftkings,Maryland,UConn,moneyline,UConn,,344,0.90,3.10,loss,To Win | UConn | Yes
2026-09-12,2026-09-12,kalshi,UNLV,North Texas,total,over,56.5,-116,2.69,2.31,loss,
2026-09-12,2026-09-12,bovada,UTSA,Texas State,spread,UTSA,2,-110,5,4.55,win,
2026-09-12,2026-09-12,kalshi,Alabama,Kentucky,moneyline,Kentucky,,331,1.16,3.84,loss,
2026-09-12,2026-09-12,betonline,UNLV,North Texas,total,under,57,-110,2,1.82,win,
2026-09-12,2026-09-12,betonline,UNLV,North Texas,total,over,57,-110,2,1.82,loss,
2026-09-12,2026-09-12,kalshi,UTSA,Texas State,moneyline,UTSA,,105,2.44,2.56,win,
2026-09-12,2026-09-12,draftkings,Maryland,UConn,spread,UConn,12.5,-113,2.12,1.88,loss,Alternate Spread | Maryland -12.5 | No
2026-09-12,2026-09-12,novig,Louisiana Tech,LSU,total,under,55.5,104,2.45,2.55,loss,
2026-09-12,2026-09-12,novig,Ohio State,Texas,spread,Ohio State,2.5,-108,5,4.61,win,
2026-09-12,2026-09-12,novig,Navy,Florida Atlantic,spread,Navy,-4.5,-113,2.65,2.35,loss,
2026-09-12,2026-09-12,draftkings,Buffalo,Florida International,moneyline,Buffalo,,304,0.99,3.01,loss,To Win | Buffalo | Yes
2026-09-12,2026-09-12,betonline,Buffalo,Florida International,moneyline,Buffalo,,320,1,3.20,loss,
2026-09-12,2026-09-12,kalshi,Buffalo,Florida International,team_total,Florida International under,30.5,-131,2.84,2.16,loss,
2026-09-12,2026-09-12,draftkings,Buffalo,Florida International,team_total,Florida International under,27.5,-104,2.04,1.96,loss,Team Total O/U | FIU Total Points Over 27.5 | No
2026-09-12,2026-09-12,bovada,Delaware,Vanderbilt,total,over,54.5,-110,5,4.55,win,
2026-09-12,2026-09-12,kalshi,Buffalo,Florida International,spread,Buffalo,10.5,-121,2.74,2.26,loss,
2026-09-12,2026-09-12,kalshi,Buffalo,Florida International,moneyline,Buffalo,,331,1.16,3.84,loss,
2026-09-12,2026-09-12,draftkings,Buffalo,Florida International,spread,Buffalo,10.5,-122,2.20,1.80,loss,Alternate Spread | FIU -10.5 | No
2026-09-12,2026-09-12,bovada,Buffalo,Florida International,moneyline,Buffalo,,305,1,3.05,loss,To Win | Buffalo | Yes
2026-09-12,2026-09-12,bovada,Buffalo,Florida International,team_total,Florida International under,29.5,-125,1.25,1,loss,
2026-09-12,2026-09-12,draftkings,San Diego State,UCLA,moneyline,San Diego State,,383,1,3.83,loss,To Win | San Diego State | Yes
2026-09-12,2026-09-12,kalshi,Illinois State,Northern Illinois,spread,Illinois State,-3.5,-107,2.59,2.41,win,
2026-09-12,2026-09-12,betonline,Jacksonville State,Ohio,spread,Ohio,1,-120,1.20,1,win,
2026-09-12,2026-09-12,kalshi,Memphis,Boise State,moneyline,Memphis,,280,1.32,3.68,loss,
2026-09-12,2026-09-12,bovada,Middle Tennessee,Marshall,moneyline,Middle Tennessee,,430,0.75,3.22,loss,
2026-09-12,2026-09-12,bovada,San Diego State,UCLA,moneyline,San Diego State,,360,1,3.60,loss,
2026-09-12,2026-09-12,betonline,Middle Tennessee,Marshall,moneyline,Middle Tennessee,,421,1,4.21,loss,
2026-09-12,2026-09-12,betonline,San Diego State,UCLA,total,under,55,-110,2,1.82,win,
2026-09-12,2026-09-12,draftkings,Middle Tennessee,Marshall,moneyline,Middle Tennessee,,388,0.82,3.18,loss,To Win | Middle Tennessee | Yes
2026-09-12,2026-09-12,draftkings,San Diego State,UCLA,moneyline,San Diego State,,344,0.90,3.10,loss,To Win | San Diego State | Yes
2026-09-12,2026-09-12,bovada,Georgia Tech,Tennessee,moneyline,Georgia Tech,,370,1,3.70,loss,
2026-09-12,2026-09-12,betonline,Louisiana Tech,LSU,spread,Louisiana Tech,35,-113,2,1.77,win,
2026-09-12,2026-09-12,kalshi,Iowa State,Iowa,moneyline,Iowa State,,490,0.85,4.17,loss,
2026-09-12,2026-09-12,kalshi,San Diego State,UCLA,total,under,55,-112,2.64,2.36,win,
2026-09-12,2026-09-12,kalshi,Southern Utah,Colorado State,spread,Southern Utah,20.5,-112,2.64,2.36,loss,
2026-09-12,2026-09-12,bovada,San Diego State,UCLA,total,under,55,-110,5,4.55,win,
2026-09-12,2026-09-12,bovada,Louisiana Tech,LSU,total,under,56,-110,5,4.55,loss,
2026-09-12,2026-09-12,kalshi,Navy,Florida Atlantic,spread,Navy,-4.5,-116,2.69,2.31,loss,
2026-09-12,2026-09-12,bovada,Navy,Florida Atlantic,spread,Navy,-5,-105,5,4.76,loss,
2026-09-12,2026-09-12,draftkings,Ole Miss,Louisville,spread,Louisville,46.5,-122,2.20,1.80,win,Alternate Spread | Ole Miss -46.5 | No
2026-09-12,2026-09-12,bovada,Navy,Florida Atlantic,team_total,Navy over,31.5,-110,3,2.73,loss,
2026-09-12,2026-09-12,kalshi,Ohio State,Texas,moneyline,Ohio State,,-106,5.14,4.86,win,
2026-09-12,2026-09-12,draftkings,LSU,Louisiana Tech,spread,Louisiana Tech,35.5,-113,2.12,1.88,win,Alternate Spread | LSU -35.5 | No
2026-09-12,2026-09-12,kalshi,Texas Tech,Oregon State,team_total,Texas Tech under,41.5,-113,2.65,2.35,win,
2026-09-12,2026-09-12,bovada,Louisiana Tech,LSU,spread,Louisiana Tech,35,-105,5,4.76,win,
2026-09-12,2026-09-12,kalshi,USC,Rutgers,team_total,USC under,45.5,-108,2.60,2.40,loss,
2026-09-12,2026-09-12,kalshi,Georgia Southern,Clemson,moneyline,Georgia Southern,,841,0.53,4.47,loss,
2026-09-12,2026-09-12,kalshi,Auburn,Florida,team_total,Auburn under,45.5,-108,2.60,2.40,win,
2026-09-12,2026-09-12,draftkings,Georgia Tech,Tennessee,moneyline,Georgia Tech,,365,0.86,3.14,loss,To Win | Georgia Tech | Yes
2026-09-12,2026-09-12,draftkings,Navy,Florida Atlantic,spread,Navy,-4.5,-117,4.86,4.14,loss,Alternate Spread | Navy -4.5 | Yes
2026-09-19,2026-09-19,kalshi,Tulane,Kansas State,moneyline,Tulane,,1074,0.43,4.57,loss,
2026-09-19,2026-09-19,polymarket,Tulane,Kansas State,moneyline,Tulane,,1017,1,10.17,loss,
2026-09-19,2026-09-19,novig,North Carolina,Notre Dame,team_total,North Carolina under,20.5,102,5,5.10,win,
2026-09-19,2026-09-19,novig,Tulane,Kansas State,team_total,Tulane over,14.5,106,3,3.18,win,
2026-09-19,2026-09-19,novig,Kansas,Arizona State,spread,Kansas,5.5,-102,5,4.90,loss,
2026-09-19,2026-09-19,novig,Tulane,Kansas State,spread,Tulane,20.5,100,5,5,win,
2026-09-19,2026-09-19,novig,Texas State,North Texas,total,over,63.5,-111,5.25,4.75,win,
2026-09-19,2026-09-19,novig,Tulane,Kansas State,moneyline,Tulane,,1011,1,10.11,loss,
2026-09-19,2026-09-19,novig,Kansas,Arizona State,moneyline,Kansas,,174,1.85,3.21,loss,
2026-09-13,2026-09-13,betonline,UTSA,Texas State,moneyline,UTSA,,100,2,2,win,
2026-09-12,2026-09-12,kalshi,Montana State,Nevada,spread,Montana State,-3.5,-103,2.54,2.46,win,
2026-09-19,2026-09-19,novig,Florida International,Florida Atlantic,moneyline,Florida International,,228,1.53,3.48,loss,
2026-09-19,2026-09-19,betonline,East Carolina,Old Dominion,spread,East Carolina,3,-115,10,8.70,win,
2026-09-19,2026-09-19,kalshi,Louisiana Tech,Baylor,moneyline,Louisiana Tech,,685,0.64,4.36,loss,
2026-09-19,2026-09-19,bovada,North Texas,Texas State,spread,North Texas,3,-115,10,8.70,loss,
2026-09-19,2026-09-19,kalshi,Florida International,Florida Atlantic,moneyline,Florida International,,218,3.15,6.85,loss,
2026-09-19,2026-09-19,novig,South Alabama,Ohio,total,over,49.5,-113,10,8.86,win,
2026-09-19,2026-09-19,novig,Florida International,Florida Atlantic,spread,Florida International,6.5,-104,5,4.80,win,
2026-09-19,2026-09-19,novig,West Virginia,Virginia,total,under,53.5,-113,10,8.86,loss,
2026-09-19,2026-09-19,betonline,South Alabama,Ohio,spread,Ohio,7,-115,10,8.70,win,
2026-09-19,2026-09-19,novig,Arizona,Northern Illinois,total,under,50.5,-122,5.49,4.50,loss,
2026-09-19,2026-09-19,kalshi,Georgia Southern,Jacksonville State,total,under,52.5,-107,2.59,2.41,loss,
2026-09-19,2026-09-19,kalshi,Northern Illinois,Arizona,total,under,50.5,-108,31.15,28.85,loss,
2026-09-19,2026-09-19,kalshi,South Dakota,Boise State,moneyline,Boise State,,-967,52.99,5.48,win,
2026-09-19,2026-09-19,kalshi,LSU,Ole Miss,total,under,57.5,101,5,5.05,win,
2026-09-19,2026-09-19,polymarket,UTSA,Texas,spread,UTSA,30.5,-108,9.68,8.93,win,
2026-09-19,2026-09-19,bovada,New Mexico,Oklahoma,spread,New Mexico,22,-120,10,8.33,win,
2026-09-25,2026-09-25,novig,Clemson,California,spread,California,1.5,100,5,5,loss,
2026-09-25,2026-09-25,kalshi,Navy,UAB,spread,Navy,-6.5,-121,10.95,9.05,loss,
2026-09-25,2026-09-25,novig,Northwestern,Indiana,moneyline,Indiana,,-1150,19.99,1.74,win,
2026-09-20,2026-09-20,draftkings,Nebraska,,futures,yes,,488,0.17,0.83,loss,Anytime TD Scorer | Emmett Johnson | Yes
2026-09-26,2026-09-26,novig,Maryland,UCLA,spread,UCLA,-1.5,102,10,10.20,win,
2026-09-26,2026-09-26,novig,San Diego State,Toledo,total,under,49.5,-113,5,4.43,loss,
2026-09-25,2026-09-25,bovada,Clemson,California,moneyline,Clemson,,100,5,5,win,
2026-09-25,2026-09-25,bovada,Clemson,California,total,under,50.5,-110,5,4.55,win,
2026-09-25,2026-09-25,kalshi,Northwestern,Indiana,moneyline,Indiana,,-1428,33,2.31,win,
2026-09-26,2026-09-26,novig,Iowa,Michigan,spread,Iowa,5.5,-106,10,9.41,win,
2026-09-26,2026-09-26,novig,Boise State,Western Michigan,moneyline,Western Michigan,,264,2.76,7.27,loss,
2026-09-26,2026-09-26,novig,Iowa,Michigan,moneyline,Iowa,,170,3.70,6.30,win,
2026-09-26,2026-09-26,bovada,San Diego State,Toledo,total,under,51.5,-110,10,9.09,loss,
2026-09-26,2026-09-26,betonline,Kent State,Ball State,spread,Ball State,3.5,-115,10,8.70,loss,
2026-09-26,2026-09-26,novig,Michigan State,Nebraska,spread,Nebraska,-5.5,-106,5,4.70,win,
2026-09-26,2026-09-26,novig,Auburn,Vanderbilt,moneyline,Vanderbilt,,292,2.55,7.45,loss,
2026-09-26,2026-09-26,bovada,Colorado,Baylor,total,under,55,-110,5,4.55,win,
2026-09-26,2026-09-26,bovada,Texas,Tennessee,total,under,56,-110,5,4.55,win,
2026-09-26,2026-09-26,novig,Florida,Ole Miss,spread,Ole Miss,3.5,104,5,5.20,loss,
2026-09-26,2026-09-26,betonline,TCU,UCF,spread,UCF,3.5,-115,10,8.70,win,
2026-09-26,2026-09-26,betonline,UConn,Miami (OH),spread,UConn,5,-115,10,8.70,win,
2026-09-26,2026-09-26,bovada,UConn,Miami (OH),moneyline,UConn,,170,2.94,5,loss,
2026-09-26,2026-09-26,betonline,Hawai'i,Wyoming,spread,Hawai'i,-2,-110,10,9.09,loss,
2026-09-26,2026-09-26,betonline,Northern Illinois,Georgia State,total,under,56.5,-110,5,4.55,win,
2026-09-26,2026-09-26,bovada,Florida,Ole Miss,spread,Ole Miss,4,-105,5,4.76,loss,
2026-09-26,2026-09-26,prophetx,Michigan,Western Michigan,team_total,Michigan under,22.5,-110,5,4.55,win,
2026-09-26,2026-09-26,novig,Oklahoma State,West Virginia,team_total,West Virginia under,31.5,-111,1.10,1,win,
2026-09-26,2026-09-26,bovada,Boise State,Western Michigan,spread,Western Michigan,8.5,-110,5,4.55,loss,
2026-09-26,2026-09-26,bovada,New Mexico State,New Mexico,spread,New Mexico,-11.5,-110,5,4.55,win,
2026-09-26,2026-09-26,novig,Fresno State,Rice,team_total,Rice under,15.5,-108,5,4.62,loss,
2026-09-26,2026-09-26,kalshi,Old Dominion,James Madison,moneyline,James Madison,,-116,10.75,9.25,win,
2026-09-26,2026-09-26,prophetx,Virginia Tech,Old Dominion,team_total,Old Dominion under,19.5,-107,5,4.67,loss,
2026-09-26,2026-09-26,prophetx,Auburn,Vanderbilt,spread,Vanderbilt,10,-111,10,9.01,win,
2026-09-26,2026-09-26,novig,Texas A&M,LSU,team_total,LSU under,30.5,-102,5,4.92,loss,
2026-09-26,2026-09-26,bovada,LSU,Texas A&M,moneyline,Texas A&M,,300,3.34,10.02,loss,
2026-09-26,2026-09-26,polymarket,Texas A&M,LSU,total,under,53.5,-113,4.84,4.29,win,
2026-09-26,2026-09-26,kalshi,Oklahoma State,West Virginia,total,under,60.5,-116,5.37,4.63,loss,
2026-09-26,2026-09-26,bovada,LSU,Texas A&M,team_total,LSU under,47.5,-115,5,4.35,loss,
2026-09-26,2026-09-26,novig,Utah State,Troy,moneyline,Troy,,1521,0.34,5.22,loss,
2026-09-27,2026-09-27,kalshi,Miami (FL),,futures,yes,,-719,5,0.69,win,NCAAFB - Top 10 Ranked Teams on Sep 27 AP Poll? - Will Miami (FL) be a top 10 ranked team on the College Football AP Poll Week 5 rankings
2026-09-26,2026-09-26,betonline,Minnesota,Washington,total,under,45.5,-110,5,4.55,loss,
2026-09-26,2026-09-26,betonline,Massachusetts,Sacramento State,total,under,49,-105,5,4.76,win,
2026-09-26,2026-09-26,bovada,Texas A&M,Arkansas,spread,Texas A&M,10,-110,10,9.09,loss,
2026-09-26,2026-09-26,bovada,LSU,Texas A&M,spread,LSU,-7.5,-110,5,4.55,win,
